{"noiseKey":{"private":{"type":"Buffer","data":"WP+VFqvbP/S/+9SgdsDPp1x6y0TRmvQzKSZXZ0UKvVs="},"public":{"type":"Buffer","data":"JS9glDCDg6tsINHwei2Rw6JYZ5SrE5ZzxbztOuNNfDA="}},"pairingEphemeralKeyPair":{"private":{"type":"Buffer","data":"CPGzPXxWjzsy1ZD7h6cbgWQh96/DRWsJrdji1m0yxVM="},"public":{"type":"Buffer","data":"l99X0dQauaOdwJ+vw+BJBpq+osud8cjWTmtMCllZNh4="}},"signedIdentityKey":{"private":{"type":"Buffer","data":"iCQ+QWPpKoukhViDB/oWCe2YCrvFh1Fnd8MXGdhnDUk="},"public":{"type":"Buffer","data":"vJ1VFoPNBqZGsTlcwEa+7adFj2pF73LJjuRno9zTDUw="}},"signedPreKey":{"keyPair":{"private":{"type":"Buffer","data":"eIo6nVz0jWi6kFj6DEeRlMeCtk9SyxRUNj2GJwsJPmY="},"public":{"type":"Buffer","data":"y4sGoHIYeS3IGsTrjndMKHH5wMI4/Kg17VC2ot7s62s="}},"signature":{"type":"Buffer","data":"Adn+jsSf7Iav8szkIzvC6WERe41shMTaggU/wpZD7vfrWeSZA3zutES2QdFUiOwscd5VWPn2TyuyrxiVJW4zAg=="},"keyId":1},"registrationId":176,"advSecretKey":"n+HT43P/J9p9jeJqqs26ES9PEIKM+et4e79nR/bJLzo=","processedHistoryMessages":[],"nextPreKeyId":31,"firstUnuploadedPreKeyId":31,"accountSyncCounter":0,"accountSettings":{"unarchiveChats":false},"deviceId":"Byzt8XYhTTuLXdUv-ZNdhg","phoneId":"eca8f52b-f4ce-4674-a276-821ff60bb8cb","identityId":{"type":"Buffer","data":"SRla531GrR+KdJrTdIqTuJ5Nl8M="},"registered":true,"backupToken":{"type":"Buffer","data":"uSSzmMlFvwoH2dhszD5najPNWrc="},"registration":{},"pairingCode":"PATPXLDB","me":{"id":"255734980103:10@s.whatsapp.net","name":"Lazack_28"},"account":{"details":"CMbH9PoBENzf07YGGAQgACgA","accountSignatureKey":"q92I1QCMZ/8WE7m0tvBSBGq1vv4E5slhLPrLEuE3aXM=","accountSignature":"wISwS5L5pARGiUAwi+9QkZsPtowyuoGQLsu+Z2ddPLGh5qKbyfFPQGekJcW36RDgOE7jnCax9cTc3pcUZomeDw==","deviceSignature":"bH8sx9gucR3rG7U0FvLGF1NMZu0UsWrRPovNYMl9M4LmY0hTQ6wOKPpUUTJv5I2HI40q+KbspZRGXl0dbV0JDw=="},"signalIdentities":[{"identifier":{"name":"255734980103:10@s.whatsapp.net","deviceId":0},"identifierKey":{"type":"Buffer","data":"BavdiNUAjGf/FhO5tLbwUgRqtb7+BObJYSz6yxLhN2lz"}}],"platform":"smba","lastAccountSyncTimestamp":1725231071,"myAppStateKeyId":"AAAAAEbe"}
